keyword,monthly_volume_ua
"улучшить качество фото",49500
"удалить фон",40500
"покращення якості фото",22200
"покращити якість фото",22200
"видалити фон",18100
"убрать фон",18100
"webp to jpeg",12100
"webp to jpg",12100
"аватарка",12100
"heic to jpg",9900
"webp to png",9900
"вырезать фон",8100
"сжать фото",8100
"вирізати фон",6600
"изменить размер фото",6600
"обрезать фото",6600
"jpg to png",5400
"png to jpeg",5400
"png to jpg",5400
"png to webp",5400
"зменшити розмір фото",4400
"покращити якість фото онлайн",4400
"прибрати фон",4400
"удалить фон с фото",4400
"уменьшить размер фото",4400
"avif to jpg",3600
"обрезать фото онлайн",3600
"покращити якість зображення",3600
"формат 4 5",3600
"формат 4:5",3600
"upscale",2900
"видалити фон онлайн",2900
"змінити розмір зображення",2900
"avif to png",2400
"стиснути фото",2400
"heic to jpeg",1900
"heic to png",1900
"jpg to webp",1900
"видалити фон з фото",1900
"обрізати фото",1900
"стиснути зображення",1900
"1920x1080",1300
"favicon",1300
"изменить формат фото",1300
"обрізати фото онлайн",1300
"апскейл",1000
"змінити розмір фото",1000
"прозрачный фон",1000
"favicon generator",880
"конвертер фото",880
"прибрати фон з фото",880
"стиснути фото до 1 мб",720
"увеличить фото",720
"heic в jpg",590
"вирізати фон з фото",590
"изменить размер фото онлайн",590
"конвертировать heic в jpg",590
"прозорий фон",590
"сжать фото до 1 мб",590
"увеличить разрешение фото",590
"зменшити вагу фото",480
"змінити формат фото",480
"уменьшить вес фото",480
"3840x2160",390
"avif to jpeg",390
"збільшити розмір фото",390
"как сделать стикер в телеграм",390
"конвертер heic в jpg",390
"конвертер webp в jpg",390
"размер поста в инстаграм",390
"удалить метаданные с фото",390
"exif",320
"змінити розмір фото онлайн",320
"конвертировать webp в png",320
"конвертувати heic в jpg",320
"обработка фото онлайн",320
"png to avif",260
"png в jpeg",260
"png в jpg",260
"webp в jpg",260
"збільшити зображення",260
"зробити прозорий фон",260
"конвертировать png в jpg",260
"превью для ютуба",260
"размер аватарки",260
"стикер для телеграм",260
"стікери для телеграм",260
"фавикон",260
"фавікон",260
"1280x720",210
"jpg в png",210
"збільшити фото",210
"зменшити розмір фото до 1 мб",210
"конвертировать jpg в png",210
"обробка фото онлайн",210
"перевести heic в jpg",210
"розмір сторіс",210
"стиснути фото онлайн",210
"1080x1920",170
"og image",170
"конвертер webp в png",170
"конвертер зображень",170
"размер превью ютуб",170
"размер сторис инстаграм",170
"розмір посту в інстаграм",170
"конвертер jpg в png",140
"конвертировать avif в jpg",140
"конвертировать webp в jpg",140
"конвертувати webp в jpg",140
"обои 4k",140
"обрізка фото",140
"перевести webp в jpg",140
"повернути фото",140
"повернуть фото",140
"размер сторис",140
"размер фото для инстаграм",140
"розмір фото для інстаграм",140
"стикер для вайбер",140
"avif to webp",110
"heic в jpeg",110
"изменить размер фото в пикселях",110
"конвертер png в jpg",110
"конвертер картинок",110
"конвертировать jpg в webp",110
"конвертировать png в webp",110
"метадані фото",110
"фото без фону",110
"1080х1920",90
"avif в jpg",90
"jpg to avif",90
"png в webp",90
"webp в png",90
"конвертер avif в jpg",90
"конвертировать heic в png",90
"конвертувати heic в png",90
"конвертувати png в jpg",90
"конвертувати webp в png",90
"обои full hd",90
"перевести png в jpg",90
"видалити метадані з фото",70
"размер обложки ютуб",70
"1080x1350",50
"heic to webp",50
"jpeg в png",50
"змінити розмір фото в пікселях",50
"зробити аватарку",50
"конвертувати avif в jpg",50
"обрезать фото по размеру",50
"перевести jpg в png",50
"перевести webp в png",50
"розмір превью ютуб",50
"удалить exif",50
"heic в png",40
"jpg в webp",40
"збільшити роздільну здатність фото",40
"конвертер jpg в webp",40
"конвертер фото онлайн",40
"конвертировать avif в png",40
"конвертувати jpg в png",40
"розмір обкладинки ютуб",40
"1080х1350",30
"1280х720",30
"avif в png",30
"конвертер heic в png",30
"конвертувати avif в png",30
"обводка фото",30
"обрізати фото по розміру",30
"перевести avif в jpg",30
"webp to avif",20
"webp в jpeg",20
"конвертер avif в png",20
"конвертер png в webp",20
"контур фото",20
"пакетная обработка фото",20
"перевести heic в png",20
"шпалери 4k",20
"avif в jpeg",10
"heic to avif",10
"jpeg в webp",10
"png в avif",10
"конвертувати jpg в webp",10
"конвертувати png в webp",10
"обрезать края фото",10
"пакетна обробка фото",10
"пакетное изменение размера фото",10
"перевести avif в png",10
"перевести jpg в webp",10
"перевести png в webp",10
"размер баннера linkedin",10
"размер стикера телеграм",10
"сделать стикер для телеграм",10
"сжать фото до 200 кб",10
"стиснути фото до 500 кб",10
"удалить геолокацию с фото",10
"шпалери full hd",10
"як зробити стікер в телеграм",10
